name,calories,protein,carbs,fat,portions,meal_type,photo_path,description,ingredients,is_community
"Zucchini, Carrot & Cheese Tortilla",500,31,39,24,1,breakfast,https://bipjodhqsldkyjoecrix.supabase.co/storage/v1/object/public/recipe-photos/zucchini_carrot_cheese_tortilla.jpg,"Slice zucchini thinly and grate carrot. Sauté zucchini in olive oil for 3–4 minutes. Beat eggs with carrot, salt, pepper and herbs. Pour over zucchini and cook until nearly set. Add cheese and place tortilla over the top. Fold in half and toast both sides until golden.","[{""name"": ""whole-wheat tortilla"", ""quantity"": ""50 g""}, {""name"": ""eggs"", ""quantity"": ""2 piece""}, {""name"": ""zucchini"", ""quantity"": ""150 g""}, {""name"": ""carrot"", ""quantity"": ""60 g""}, {""name"": ""grated mozzarella"", ""quantity"": ""40 g""}, {""name"": ""olive oil"", ""quantity"": ""1 tsp""}, {""name"": ""salt"", ""quantity"": """"}, {""name"": ""black pepper"", ""quantity"": """"}, {""name"": ""herbes de provence"", ""quantity"": """"}]",true
High-Protein French Crêpes with Skyr & Berries,450,35,55,8,1,breakfast,https://bipjodhqsldkyjoecrix.supabase.co/storage/v1/object/public/recipe-photos/high_protein_french_crepes_with_skyr_berries.jpg,"Whisk flour, egg, egg whites and milk. Rest batter for 10 minutes. Cook thin crêpes in a non-stick pan. Fill with skyr and berries. Drizzle with honey.","[{""name"": ""flour"", ""quantity"": ""50 g""}, {""name"": ""egg"", ""quantity"": ""1 piece""}, {""name"": ""egg whites"", ""quantity"": ""100 g""}, {""name"": ""semi-skimmed milk"", ""quantity"": ""100 ml""}, {""name"": ""plain skyr"", ""quantity"": ""150 g""}, {""name"": ""strawberries or raspberries"", ""quantity"": ""100 g""}, {""name"": ""honey"", ""quantity"": ""1 tsp""}, {""name"": ""vanilla"", ""quantity"": """"}]",true
Croque-Madame with Turkey,520,45,39,21,1,breakfast,https://bipjodhqsldkyjoecrix.supabase.co/storage/v1/object/public/recipe-photos/croque_madame_with_turkey.jpg,"Make a light béchamel with butter, flour and milk. Spread mustard on bread and add turkey and half the cheese. Close sandwich and spread béchamel on top. Add remaining Gruyère and bake at 200°C until golden. Fry egg and place on top.","[{""name"": ""slices whole-grain bread"", ""quantity"": ""2 piece""}, {""name"": ""sliced turkey breast"", ""quantity"": ""80 g""}, {""name"": ""gruyère"", ""quantity"": ""30 g""}, {""name"": ""egg"", ""quantity"": ""1 piece""}, {""name"": ""milk"", ""quantity"": ""50 ml""}, {""name"": ""flour"", ""quantity"": ""10 g""}, {""name"": ""butter"", ""quantity"": ""5 g""}, {""name"": ""dijon mustard"", ""quantity"": """"}, {""name"": ""pepper"", ""quantity"": """"}]",true
Savory Breton Galette with Chicken & Egg,500,49,38,17,1,breakfast,https://bipjodhqsldkyjoecrix.supabase.co/storage/v1/object/public/recipe-photos/savory_breton_galette_with_chicken_egg.jpg,"Mix buckwheat flour and water. Cook a thin galette. Add chicken, mushrooms and spinach. Crack egg into center. Add Gruyère. Fold four sides inward and cook until egg is set.","[{""name"": ""buckwheat flour"", ""quantity"": ""50 g""}, {""name"": ""water"", ""quantity"": ""120 ml""}, {""name"": ""cooked chicken breast"", ""quantity"": ""100 g""}, {""name"": ""egg"", ""quantity"": ""1 piece""}, {""name"": ""gruyère"", ""quantity"": ""30 g""}, {""name"": ""mushrooms"", ""quantity"": ""50 g""}, {""name"": ""spinach"", ""quantity"": ""30 g""}, {""name"": ""pepper"", ""quantity"": """"}]",true
"Skyr, Apple & Walnut French Breakfast Bowl",430,30,48,14,1,breakfast,https://bipjodhqsldkyjoecrix.supabase.co/storage/v1/object/public/recipe-photos/skyr_apple_walnut_french_breakfast_bowl.jpg,"Dice apple. Toast oats and walnuts lightly. Put skyr in bowl. Add apple, oats and walnuts. Finish with cinnamon and honey.","[{""name"": ""plain skyr"", ""quantity"": ""250 g""}, {""name"": ""apple"", ""quantity"": ""1 piece""}, {""name"": ""walnuts"", ""quantity"": ""20 g""}, {""name"": ""oats"", ""quantity"": ""20 g""}, {""name"": ""cinnamon"", ""quantity"": """"}, {""name"": ""honey"", ""quantity"": ""1 tsp""}]",true
Omelette Provençale,420,38,13,24,1,breakfast,https://bipjodhqsldkyjoecrix.supabase.co/storage/v1/object/public/recipe-photos/omelette_provencale.jpg,Sauté mushrooms and tomatoes. Add spinach until wilted. Beat eggs and egg whites. Pour into pan. Add vegetables and goat cheese. Fold and cook until set.,"[{""name"": ""eggs"", ""quantity"": ""3 piece""}, {""name"": ""egg whites"", ""quantity"": ""100 g""}, {""name"": ""tomatoes"", ""quantity"": ""100 g""}, {""name"": ""mushrooms"", ""quantity"": ""50 g""}, {""name"": ""spinach"", ""quantity"": ""50 g""}, {""name"": ""goat cheese"", ""quantity"": ""20 g""}, {""name"": ""olive oil"", ""quantity"": ""1 tsp""}, {""name"": ""herbes de provence"", ""quantity"": """"}]",true
French Toast with Skyr & Strawberries,450,29,53,12,1,breakfast,https://bipjodhqsldkyjoecrix.supabase.co/storage/v1/object/public/recipe-photos/french_toast_with_skyr_strawberries.jpg,"Whisk eggs, milk, cinnamon and vanilla. Soak bread briefly. Cook until golden. Serve with skyr and strawberries. Add honey.","[{""name"": ""thick slices whole-grain bread"", ""quantity"": ""2 piece""}, {""name"": ""eggs"", ""quantity"": ""2 piece""}, {""name"": ""milk"", ""quantity"": ""100 ml""}, {""name"": ""skyr"", ""quantity"": ""100 g""}, {""name"": ""strawberries"", ""quantity"": ""100 g""}, {""name"": ""cinnamon"", ""quantity"": """"}, {""name"": ""vanilla"", ""quantity"": """"}, {""name"": ""honey"", ""quantity"": ""1 tsp""}]",true
Smoked Salmon & Cottage Cheese Tartine,410,37,34,15,1,breakfast,https://bipjodhqsldkyjoecrix.supabase.co/storage/v1/object/public/recipe-photos/smoked_salmon_cottage_cheese_tartine.jpg,"Toast bread. Spread cottage cheese. Add smoked salmon. Top with cucumber, dill and lemon. Finish with pepper.","[{""name"": ""slices rye or whole-grain bread"", ""quantity"": ""2 piece""}, {""name"": ""smoked salmon"", ""quantity"": ""100 g""}, {""name"": ""cottage cheese"", ""quantity"": ""120 g""}, {""name"": ""cucumber"", ""quantity"": """"}, {""name"": ""lemon"", ""quantity"": """"}, {""name"": ""dill"", ""quantity"": """"}, {""name"": ""black pepper"", ""quantity"": """"}]",true
Protein-Rich French Yogurt Parfait,390,31,42,10,1,breakfast,https://bipjodhqsldkyjoecrix.supabase.co/storage/v1/object/public/recipe-photos/protein_rich_french_yogurt_parfait.jpg,"Layer skyr, berries, oats and almonds. Repeat layers. Finish with berries and honey.","[{""name"": ""skyr"", ""quantity"": ""250 g""}, {""name"": ""berries"", ""quantity"": ""100 g""}, {""name"": ""oats"", ""quantity"": ""25 g""}, {""name"": ""almonds"", ""quantity"": ""15 g""}, {""name"": ""honey"", ""quantity"": ""1 tsp""}, {""name"": ""vanilla"", ""quantity"": """"}]",true
Chicken & Vegetable Breakfast Frittata,470,50,15,21,1,breakfast,https://bipjodhqsldkyjoecrix.supabase.co/storage/v1/object/public/recipe-photos/chicken_vegetable_breakfast_frittata.jpg,Sauté vegetables. Add diced chicken. Pour over beaten eggs and egg whites. Add cheese. Cook gently and finish under grill until golden.,"[{""name"": ""eggs"", ""quantity"": ""2 piece""}, {""name"": ""egg whites"", ""quantity"": ""120 g""}, {""name"": ""cooked chicken breast"", ""quantity"": ""100 g""}, {""name"": ""zucchini"", ""quantity"": ""100 g""}, {""name"": ""red pepper"", ""quantity"": ""50 g""}, {""name"": ""cheese"", ""quantity"": ""30 g""}, {""name"": ""olive oil"", ""quantity"": ""1 tsp""}, {""name"": ""herbs"", ""quantity"": """"}]",true
Salade Niçoise with Tuna & Eggs,600,55,45,24,1,lunch,https://bipjodhqsldkyjoecrix.supabase.co/storage/v1/object/public/recipe-photos/salade_nicoise_with_tuna_eggs.jpg,"Boil potatoes and green beans. Boil eggs. Arrange lettuce, tomatoes, beans, potatoes, tuna, eggs and olives. Dress with olive oil, lemon and mustard.","[{""name"": ""tuna in water"", ""quantity"": ""150 g""}, {""name"": ""eggs"", ""quantity"": ""2 piece""}, {""name"": ""potatoes"", ""quantity"": ""150 g""}, {""name"": ""green beans"", ""quantity"": ""100 g""}, {""name"": ""tomatoes"", ""quantity"": ""100 g""}, {""name"": ""lettuce"", ""quantity"": """"}, {""name"": ""olives"", ""quantity"": ""30 g""}, {""name"": ""olive oil"", ""quantity"": ""1 tsp""}, {""name"": ""lemon"", ""quantity"": """"}, {""name"": ""dijon mustard"", ""quantity"": """"}]",true
Chicken Ratatouille Bowl,560,58,45,17,1,lunch,https://bipjodhqsldkyjoecrix.supabase.co/storage/v1/object/public/recipe-photos/chicken_ratatouille_bowl.jpg,"Brown chicken. Cook onion, zucchini and eggplant. Add tomatoes and garlic. Simmer 15–20 minutes. Add cooked lentils. Serve sliced chicken on top.","[{""name"": ""chicken breast"", ""quantity"": ""180 g""}, {""name"": ""zucchini"", ""quantity"": ""150 g""}, {""name"": ""eggplant"", ""quantity"": ""100 g""}, {""name"": ""tomatoes"", ""quantity"": ""120 g""}, {""name"": ""onion"", ""quantity"": ""50 g""}, {""name"": ""cooked lentils"", ""quantity"": ""100 g""}, {""name"": ""olive oil"", ""quantity"": ""1 tsp""}, {""name"": ""garlic"", ""quantity"": """"}, {""name"": ""herbes de provence"", ""quantity"": """"}]",true
High-Protein Quiche Lorraine with Turkey,500,43,35,22,1,lunch,https://bipjodhqsldkyjoecrix.supabase.co/storage/v1/object/public/recipe-photos/high_protein_quiche_lorraine_with_turkey.jpg,"Place pastry in tart tin. Add chopped turkey. Whisk eggs, egg whites, milk and cottage cheese. Pour over turkey. Add Gruyère. Bake at 180°C for 35–40 minutes.","[{""name"": ""whole-grain pie crust"", ""quantity"": ""1 piece""}, {""name"": ""eggs"", ""quantity"": ""4 piece""}, {""name"": ""egg whites"", ""quantity"": ""200 g""}, {""name"": ""turkey breast"", ""quantity"": ""120 g""}, {""name"": ""cottage cheese"", ""quantity"": ""80 g""}, {""name"": ""gruyère"", ""quantity"": ""50 g""}, {""name"": ""milk"", ""quantity"": ""100 ml""}, {""name"": ""nutmeg"", ""quantity"": """"}, {""name"": ""pepper"", ""quantity"": """"}]",true
Blanquette-Style Chicken with Mushrooms,520,60,30,16,1,lunch,https://bipjodhqsldkyjoecrix.supabase.co/storage/v1/object/public/recipe-photos/blanquette_style_chicken_with_mushrooms.jpg,Cook chicken and vegetables gently. Make light sauce with flour and milk. Add mushrooms. Remove from heat and stir in Greek yogurt. Finish with lemon and parsley.,"[{""name"": ""chicken breast"", ""quantity"": ""200 g""}, {""name"": ""mushrooms"", ""quantity"": ""150 g""}, {""name"": ""carrots"", ""quantity"": ""100 g""}, {""name"": ""onion"", ""quantity"": ""80 g""}, {""name"": ""low-fat milk"", ""quantity"": ""150 ml""}, {""name"": ""greek yogurt"", ""quantity"": ""80 g""}, {""name"": ""flour"", ""quantity"": ""10 g""}, {""name"": ""lemon"", ""quantity"": """"}, {""name"": ""parsley"", ""quantity"": """"}]",true
Tuna Pan Bagnat,590,50,58,19,1,lunch,https://bipjodhqsldkyjoecrix.supabase.co/storage/v1/object/public/recipe-photos/tuna_pan_bagnat.jpg,"Mix tuna with lemon and olive oil. Fill bread with tuna, egg, tomato, cucumber, lettuce and olives. Press firmly before serving.","[{""name"": ""whole-grain round bread"", ""quantity"": ""1 piece""}, {""name"": ""tuna"", ""quantity"": ""150 g""}, {""name"": ""egg"", ""quantity"": ""1 piece""}, {""name"": ""tomato"", ""quantity"": """"}, {""name"": ""cucumber"", ""quantity"": """"}, {""name"": ""lettuce"", ""quantity"": """"}, {""name"": ""olives"", ""quantity"": ""20 g""}, {""name"": ""olive oil"", ""quantity"": ""1 tsp""}, {""name"": ""lemon"", ""quantity"": """"}]",true
Turkey Croque-Monsieur with Side Salad,560,48,48,22,1,lunch,https://bipjodhqsldkyjoecrix.supabase.co/storage/v1/object/public/recipe-photos/turkey_croque_monsieur_with_side_salad.jpg,"Build sandwich with mustard, turkey and cheese. Cover with béchamel and extra cheese. Bake until golden. Serve with dressed salad.","[{""name"": ""slices whole-grain bread"", ""quantity"": ""2 piece""}, {""name"": ""turkey"", ""quantity"": ""120 g""}, {""name"": ""gruyère"", ""quantity"": ""40 g""}, {""name"": ""light béchamel"", ""quantity"": ""60 ml""}, {""name"": ""green salad"", ""quantity"": """"}, {""name"": ""tomato"", ""quantity"": """"}, {""name"": ""dijon mustard"", ""quantity"": """"}]",true
Lentil & Salmon French Bistro Salad,570,47,43,24,1,lunch,https://bipjodhqsldkyjoecrix.supabase.co/storage/v1/object/public/recipe-photos/lentil_salmon_french_bistro_salad.jpg,Cook salmon and let cool slightly. Combine lentils and vegetables. Make yogurt-Dijon dressing. Add salmon and herbs.,"[{""name"": ""cooked green lentils"", ""quantity"": ""150 g""}, {""name"": ""cooked salmon"", ""quantity"": ""150 g""}, {""name"": ""carrot"", ""quantity"": ""100 g""}, {""name"": ""cucumber"", ""quantity"": ""50 g""}, {""name"": ""mixed greens"", ""quantity"": """"}, {""name"": ""greek yogurt"", ""quantity"": ""50 g""}, {""name"": ""dijon mustard"", ""quantity"": """"}, {""name"": ""lemon"", ""quantity"": """"}, {""name"": ""dill"", ""quantity"": """"}]",true
Beef Bourguignon — Alcohol-Free,650,50,52,25,1,lunch,https://bipjodhqsldkyjoecrix.supabase.co/storage/v1/object/public/recipe-photos/beef_bourguignon_alcohol_free.jpg,"Brown beef well. Add onion and carrot. Add tomato and stock. Add mushrooms, garlic, thyme and bay. Simmer 1½–2 hours. Serve with boiled potatoes.","[{""name"": ""lean beef"", ""quantity"": ""180 g""}, {""name"": ""mushrooms"", ""quantity"": ""150 g""}, {""name"": ""carrots"", ""quantity"": ""100 g""}, {""name"": ""onion"", ""quantity"": ""100 g""}, {""name"": ""beef stock"", ""quantity"": ""150 ml""}, {""name"": ""tomato passata"", ""quantity"": ""100 g""}, {""name"": ""potatoes"", ""quantity"": ""150 g""}, {""name"": ""garlic"", ""quantity"": """"}, {""name"": ""thyme"", ""quantity"": """"}, {""name"": ""bay leaf"", ""quantity"": """"}]",true
High-Protein Hachis Parmentier,580,49,48,23,1,lunch,https://bipjodhqsldkyjoecrix.supabase.co/storage/v1/object/public/recipe-photos/high_protein_hachis_parmentier.jpg,Cook beef with onion and carrot. Boil potato and cauliflower. Mash with Greek yogurt. Layer beef and mash in baking dish. Add cheese. Bake until golden.,"[{""name"": ""lean minced beef"", ""quantity"": ""180 g""}, {""name"": ""potato"", ""quantity"": ""150 g""}, {""name"": ""cauliflower"", ""quantity"": ""100 g""}, {""name"": ""carrot"", ""quantity"": ""80 g""}, {""name"": ""onion"", ""quantity"": ""50 g""}, {""name"": ""greek yogurt"", ""quantity"": ""50 g""}, {""name"": ""grated cheese"", ""quantity"": ""25 g""}, {""name"": ""garlic"", ""quantity"": """"}, {""name"": ""thyme"", ""quantity"": """"}]",true
Bouillabaisse-Style High-Protein Fish Stew,520,58,38,12,1,lunch,https://bipjodhqsldkyjoecrix.supabase.co/storage/v1/object/public/recipe-photos/bouillabaisse_style_high_protein_fish_stew.jpg,"Cook onion, fennel and garlic. Add tomatoes, stock and saffron. Add potatoes and simmer. Add cod, prawns and mussels near the end. Cook until seafood is just done.","[{""name"": ""cod"", ""quantity"": ""120 g""}, {""name"": ""prawns"", ""quantity"": ""100 g""}, {""name"": ""mussels"", ""quantity"": ""100 g""}, {""name"": ""tomatoes"", ""quantity"": ""150 g""}, {""name"": ""fennel"", ""quantity"": ""100 g""}, {""name"": ""potato"", ""quantity"": ""80 g""}, {""name"": ""onion"", ""quantity"": """"}, {""name"": ""garlic"", ""quantity"": """"}, {""name"": ""saffron"", ""quantity"": """"}, {""name"": ""fish stock"", ""quantity"": """"}, {""name"": ""parsley"", ""quantity"": """"}]",true
Chicken Coq-au-Vin Style — No Alcohol,600,55,38,24,1,dinner,https://bipjodhqsldkyjoecrix.supabase.co/storage/v1/object/public/recipe-photos/chicken_coq_au_vin_style_no_alcohol.jpg,Brown chicken. Add vegetables and tomato paste. Add stock and diluted grape juice. Add herbs. Simmer 35–45 minutes until tender.,"[{""name"": ""chicken thighs, skinless"", ""quantity"": ""220 g""}, {""name"": ""mushrooms"", ""quantity"": ""150 g""}, {""name"": ""carrots"", ""quantity"": ""100 g""}, {""name"": ""onion"", ""quantity"": ""100 g""}, {""name"": ""chicken stock"", ""quantity"": ""200 ml""}, {""name"": ""grape juice"", ""quantity"": ""100 ml""}, {""name"": ""water"", ""quantity"": ""100 ml""}, {""name"": ""tomato paste"", ""quantity"": """"}, {""name"": ""thyme"", ""quantity"": """"}, {""name"": ""bay leaf"", ""quantity"": """"}]",true
Lean Beef Bourguignon with Cauliflower Mash,590,58,25,27,1,dinner,https://bipjodhqsldkyjoecrix.supabase.co/storage/v1/object/public/recipe-photos/lean_beef_bourguignon_with_cauliflower_mash.jpg,"Cook beef slowly with vegetables, stock and herbs until tender. Steam cauliflower. Mash cauliflower with Greek yogurt. Serve beef over mash.","[{""name"": ""lean beef"", ""quantity"": ""200 g""}, {""name"": ""mushrooms"", ""quantity"": ""200 g""}, {""name"": ""carrot"", ""quantity"": """"}, {""name"": ""onion"", ""quantity"": """"}, {""name"": ""beef stock"", ""quantity"": """"}, {""name"": ""tomato paste"", ""quantity"": """"}, {""name"": ""thyme"", ""quantity"": """"}, {""name"": ""cauliflower"", ""quantity"": ""250 g""}, {""name"": ""greek yogurt"", ""quantity"": ""50 g""}]",true
Chicken Chasseur,610,62,47,18,1,dinner,https://bipjodhqsldkyjoecrix.supabase.co/storage/v1/object/public/recipe-photos/chicken_chasseur.jpg,Brown chicken. Sauté onion and mushrooms. Add tomatoes and stock. Return chicken and simmer until cooked. Serve with potatoes.,"[{""name"": ""chicken breast"", ""quantity"": ""220 g""}, {""name"": ""mushrooms"", ""quantity"": ""150 g""}, {""name"": ""tomatoes"", ""quantity"": ""150 g""}, {""name"": ""onion"", ""quantity"": ""100 g""}, {""name"": ""potatoes"", ""quantity"": ""150 g""}, {""name"": ""chicken stock"", ""quantity"": """"}, {""name"": ""garlic"", ""quantity"": """"}, {""name"": ""parsley"", ""quantity"": """"}, {""name"": ""thyme"", ""quantity"": """"}]",true
Turkey Ratatouille with Herbed Potatoes,580,58,55,15,1,dinner,https://bipjodhqsldkyjoecrix.supabase.co/storage/v1/object/public/recipe-photos/turkey_ratatouille_with_herbed_potatoes.jpg,Cook ratatouille slowly. Roast potatoes with herbs. Grill or pan-cook turkey. Slice and serve over vegetables.,"[{""name"": ""turkey breast"", ""quantity"": ""220 g""}, {""name"": ""ratatouille vegetables"", ""quantity"": ""250 g""}, {""name"": ""potatoes"", ""quantity"": ""180 g""}, {""name"": ""olive oil"", ""quantity"": ""1 tsp""}, {""name"": ""garlic"", ""quantity"": """"}, {""name"": ""basil"", ""quantity"": """"}, {""name"": ""herbes de provence"", ""quantity"": """"}]",true
Salmon Gratin Dauphinois-Style,680,47,45,34,1,dinner,https://bipjodhqsldkyjoecrix.supabase.co/storage/v1/object/public/recipe-photos/salmon_gratin_dauphinois_style.jpg,Slice potatoes thinly. Layer with spinach. Mix milk and yogurt with garlic and nutmeg. Add salmon and cheese. Bake at 180°C until potatoes are tender.,"[{""name"": ""salmon"", ""quantity"": ""180 g""}, {""name"": ""potatoes"", ""quantity"": ""200 g""}, {""name"": ""spinach"", ""quantity"": ""100 g""}, {""name"": ""milk"", ""quantity"": ""100 ml""}, {""name"": ""greek yogurt"", ""quantity"": ""50 g""}, {""name"": ""gruyère"", ""quantity"": ""30 g""}, {""name"": ""garlic"", ""quantity"": """"}, {""name"": ""nutmeg"", ""quantity"": """"}]",true
High-Protein Tartiflette with Chicken,690,54,55,31,1,dinner,https://bipjodhqsldkyjoecrix.supabase.co/storage/v1/object/public/recipe-photos/high_protein_tartiflette_with_chicken.jpg,"Cook potatoes. Sauté onion and mushrooms. Add chicken. Layer potatoes, chicken and vegetables. Add yogurt seasoning. Top with Reblochon and bake until bubbling.","[{""name"": ""chicken breast"", ""quantity"": ""180 g""}, {""name"": ""potatoes"", ""quantity"": ""250 g""}, {""name"": ""reblochon"", ""quantity"": ""80 g""}, {""name"": ""onion"", ""quantity"": ""100 g""}, {""name"": ""mushrooms"", ""quantity"": ""100 g""}, {""name"": ""greek yogurt"", ""quantity"": ""50 g""}, {""name"": ""black pepper"", ""quantity"": """"}]",true
Chicken Cassoulet-Style,650,57,57,22,1,dinner,https://bipjodhqsldkyjoecrix.supabase.co/storage/v1/object/public/recipe-photos/chicken_cassoulet_style.jpg,"Brown chicken. Cook onion and carrot. Add beans, tomato and stock. Add herbs and chicken. Simmer 30–40 minutes. Finish under grill for a browned top.","[{""name"": ""chicken thigh"", ""quantity"": ""180 g""}, {""name"": ""white beans"", ""quantity"": ""180 g""}, {""name"": ""carrot"", ""quantity"": ""100 g""}, {""name"": ""tomato"", ""quantity"": ""100 g""}, {""name"": ""onion"", ""quantity"": """"}, {""name"": ""garlic"", ""quantity"": """"}, {""name"": ""thyme"", ""quantity"": """"}, {""name"": ""bay leaf"", ""quantity"": """"}, {""name"": ""chicken stock"", ""quantity"": """"}]",true
Steak au Poivre with Green Beans,650,57,43,30,1,dinner,https://bipjodhqsldkyjoecrix.supabase.co/storage/v1/object/public/recipe-photos/steak_au_poivre_with_green_beans.jpg,Season steak with pepper. Sear and rest. Make light mustard-yogurt sauce. Serve with potatoes and green beans.,"[{""name"": ""lean beef steak"", ""quantity"": ""200 g""}, {""name"": ""green beans"", ""quantity"": ""200 g""}, {""name"": ""potatoes"", ""quantity"": ""180 g""}, {""name"": ""greek yogurt"", ""quantity"": ""60 g""}, {""name"": ""crushed black pepper"", ""quantity"": """"}, {""name"": ""dijon mustard"", ""quantity"": """"}, {""name"": ""garlic"", ""quantity"": """"}]",true
Turkey Meatballs à la Provençale,670,62,64,18,1,dinner,https://bipjodhqsldkyjoecrix.supabase.co/storage/v1/object/public/recipe-photos/turkey_meatballs_a_la_provencale.jpg,"Mix turkey, egg, oats and herbs. Form meatballs and brown. Add tomato sauce and zucchini. Simmer 15 minutes. Serve over pasta.","[{""name"": ""lean turkey mince"", ""quantity"": ""220 g""}, {""name"": ""egg"", ""quantity"": ""1 piece""}, {""name"": ""oats"", ""quantity"": ""20 g""}, {""name"": ""tomato passata"", ""quantity"": ""200 g""}, {""name"": ""zucchini"", ""quantity"": ""100 g""}, {""name"": ""garlic"", ""quantity"": """"}, {""name"": ""basil"", ""quantity"": """"}, {""name"": ""herbes de provence"", ""quantity"": """"}, {""name"": ""cooked whole-grain pasta"", ""quantity"": ""150 g""}]",true
Garlic-Herb Cod with French Lentils,550,61,43,14,1,dinner,https://bipjodhqsldkyjoecrix.supabase.co/storage/v1/object/public/recipe-photos/garlic_herb_cod_with_french_lentils.jpg,"Cook lentils with carrots and leeks. Season cod with garlic, lemon and parsley. Bake at 200°C for 12–15 minutes. Serve cod over lentils.","[{""name"": ""cod"", ""quantity"": ""220 g""}, {""name"": ""cooked green lentils"", ""quantity"": ""180 g""}, {""name"": ""carrots"", ""quantity"": ""100 g""}, {""name"": ""leeks"", ""quantity"": ""100 g""}, {""name"": ""olive oil"", ""quantity"": ""1 tsp""}, {""name"": ""garlic"", ""quantity"": """"}, {""name"": ""parsley"", ""quantity"": """"}, {""name"": ""lemon"", ""quantity"": """"}]",true
Skyr with Strawberries,210,24,,,1,snack,https://bipjodhqsldkyjoecrix.supabase.co/storage/v1/object/public/recipe-photos/skyr_with_strawberries.jpg,Combine all ingredients in a bowl.,"[{""name"": ""skyr"", ""quantity"": ""200 g""}, {""name"": ""strawberries"", ""quantity"": ""100 g""}, {""name"": ""almonds"", ""quantity"": ""10 g""}, {""name"": ""cinnamon"", ""quantity"": """"}]",true
Cottage Cheese & Apple,300,25,,,1,snack,https://bipjodhqsldkyjoecrix.supabase.co/storage/v1/object/public/recipe-photos/cottage_cheese_apple.jpg,"Dice apple and combine with cottage cheese, cinnamon and walnuts.","[{""name"": ""cottage cheese"", ""quantity"": ""200 g""}, {""name"": ""small apple"", ""quantity"": ""1 piece""}, {""name"": ""cinnamon"", ""quantity"": """"}, {""name"": ""walnuts"", ""quantity"": ""10 g""}]",true
Tuna Cucumber Bites,190,28,,,1,snack,https://bipjodhqsldkyjoecrix.supabase.co/storage/v1/object/public/recipe-photos/tuna_cucumber_bites.jpg,Mix tuna with yogurt and mustard. Spoon onto cucumber slices.,"[{""name"": ""tuna"", ""quantity"": ""100 g""}, {""name"": ""greek yogurt"", ""quantity"": ""60 g""}, {""name"": ""cucumber"", ""quantity"": """"}, {""name"": ""dijon mustard"", ""quantity"": """"}, {""name"": ""lemon"", ""quantity"": """"}, {""name"": ""dill"", ""quantity"": """"}]",true
Boiled Eggs & Crudités,280,20,,,1,snack,https://bipjodhqsldkyjoecrix.supabase.co/storage/v1/object/public/recipe-photos/boiled_eggs_crudites.jpg,Boil eggs 9–10 minutes. Cut vegetables. Mix yogurt and Dijon as dip.,"[{""name"": ""eggs"", ""quantity"": ""2 piece""}, {""name"": ""carrot"", ""quantity"": """"}, {""name"": ""cucumber"", ""quantity"": """"}, {""name"": ""cherry tomatoes"", ""quantity"": """"}, {""name"": ""greek yogurt"", ""quantity"": ""40 g""}, {""name"": ""dijon mustard"", ""quantity"": """"}]",true
Mini Turkey & Gruyère Roll-Ups,240,29,,,1,snack,https://bipjodhqsldkyjoecrix.supabase.co/storage/v1/object/public/recipe-photos/mini_turkey_gruyere_roll_ups.jpg,Spread mustard. Add cheese and cucumber. Roll tightly and slice.,"[{""name"": ""turkey slices"", ""quantity"": ""100 g""}, {""name"": ""gruyère"", ""quantity"": ""40 g""}, {""name"": ""cucumber"", ""quantity"": """"}, {""name"": ""mustard"", ""quantity"": """"}]",true
Skyr Chocolate Mousse,220,25,,,1,snack,https://bipjodhqsldkyjoecrix.supabase.co/storage/v1/object/public/recipe-photos/skyr_chocolate_mousse.jpg,"Whisk skyr, cocoa, vanilla and honey. Chill. Shave dark chocolate over top.","[{""name"": ""skyr"", ""quantity"": ""200 g""}, {""name"": ""unsweetened cocoa"", ""quantity"": ""10 g""}, {""name"": ""dark chocolate"", ""quantity"": ""10 g""}, {""name"": ""vanilla"", ""quantity"": """"}, {""name"": ""honey"", ""quantity"": ""1 tsp""}]",true
Edamame & Lemon Snack Bowl,210,18,,,1,snack,https://bipjodhqsldkyjoecrix.supabase.co/storage/v1/object/public/recipe-photos/edamame_lemon_snack_bowl.jpg,"Steam edamame. Season with lemon, salt and chili.","[{""name"": ""edamame"", ""quantity"": ""150 g""}, {""name"": ""lemon"", ""quantity"": """"}, {""name"": ""sea salt"", ""quantity"": """"}, {""name"": ""chili flakes"", ""quantity"": """"}]",true
Greek Yogurt & Blueberry Bowl,250,23,,,1,snack,https://bipjodhqsldkyjoecrix.supabase.co/storage/v1/object/public/recipe-photos/greek_yogurt_blueberry_bowl.jpg,Mix or layer ingredients.,"[{""name"": ""greek yogurt"", ""quantity"": ""200 g""}, {""name"": ""blueberries"", ""quantity"": ""100 g""}, {""name"": ""almonds"", ""quantity"": ""15 g""}, {""name"": ""cinnamon"", ""quantity"": """"}]",true
Smoked Salmon Cucumber Rolls,220,27,,,1,snack,https://bipjodhqsldkyjoecrix.supabase.co/storage/v1/object/public/recipe-photos/smoked_salmon_cucumber_rolls.jpg,Cut cucumber into long ribbons. Spread cottage cheese. Add salmon and roll.,"[{""name"": ""smoked salmon"", ""quantity"": ""80 g""}, {""name"": ""cottage cheese"", ""quantity"": ""100 g""}, {""name"": ""cucumber"", ""quantity"": """"}, {""name"": ""lemon"", ""quantity"": """"}, {""name"": ""dill"", ""quantity"": """"}]",true
Cottage Cheese Chocolate Berry Cup,240,25,,,1,snack,https://bipjodhqsldkyjoecrix.supabase.co/storage/v1/object/public/recipe-photos/cottage_cheese_chocolate_berry_cup.jpg,Blend cottage cheese with cocoa and vanilla. Top with raspberries and chocolate.,"[{""name"": ""cottage cheese"", ""quantity"": ""180 g""}, {""name"": ""raspberries"", ""quantity"": ""80 g""}, {""name"": ""cocoa"", ""quantity"": ""5 g""}, {""name"": ""dark chocolate"", ""quantity"": ""10 g""}, {""name"": ""vanilla"", ""quantity"": """"}]",true
Strawberry Skyr Smoothie,250,25,,,1,drink,https://bipjodhqsldkyjoecrix.supabase.co/storage/v1/object/public/recipe-photos/strawberry_skyr_smoothie.jpg,Blend everything until smooth.,"[{""name"": ""skyr"", ""quantity"": ""150 g""}, {""name"": ""semi-skimmed milk"", ""quantity"": ""200 ml""}, {""name"": ""strawberries"", ""quantity"": ""150 g""}, {""name"": ""ice"", ""quantity"": """"}, {""name"": ""vanilla"", ""quantity"": """"}]",true
Café Latte with Extra Milk,160,12,,,1,drink,https://bipjodhqsldkyjoecrix.supabase.co/storage/v1/object/public/recipe-photos/cafe_latte_with_extra_milk.jpg,Steam or heat milk. Combine with espresso. Dust with cinnamon.,"[{""name"": ""semi-skimmed milk"", ""quantity"": ""250 ml""}, {""name"": ""espresso"", ""quantity"": ""100 ml""}, {""name"": ""cinnamon"", ""quantity"": """"}]",true
Vanilla Banana Skyr Shake,300,25,,,1,drink,https://bipjodhqsldkyjoecrix.supabase.co/storage/v1/object/public/recipe-photos/vanilla_banana_skyr_shake.jpg,Blend until completely smooth.,"[{""name"": ""skyr"", ""quantity"": ""150 g""}, {""name"": ""milk"", ""quantity"": ""200 ml""}, {""name"": ""small banana"", ""quantity"": ""1 piece""}, {""name"": ""vanilla"", ""quantity"": """"}, {""name"": ""cinnamon"", ""quantity"": """"}, {""name"": ""ice"", ""quantity"": """"}]",true
Raspberry Yogurt Lassi,250,21,,,1,drink,https://bipjodhqsldkyjoecrix.supabase.co/storage/v1/object/public/recipe-photos/raspberry_yogurt_lassi.jpg,Blend until smooth and slightly frothy.,"[{""name"": ""greek yogurt"", ""quantity"": ""200 g""}, {""name"": ""raspberries"", ""quantity"": ""150 g""}, {""name"": ""water"", ""quantity"": ""150 ml""}, {""name"": ""honey"", ""quantity"": ""1 tsp""}, {""name"": ""lemon"", ""quantity"": """"}, {""name"": ""ice"", ""quantity"": """"}]",true
Chocolate Skyr Milkshake,300,25,,,1,drink,https://bipjodhqsldkyjoecrix.supabase.co/storage/v1/object/public/recipe-photos/chocolate_skyr_milkshake.jpg,Blend until thick and smooth.,"[{""name"": ""skyr"", ""quantity"": ""150 g""}, {""name"": ""milk"", ""quantity"": ""200 ml""}, {""name"": ""cocoa"", ""quantity"": ""10 g""}, {""name"": ""small banana"", ""quantity"": ""1 piece""}, {""name"": ""vanilla"", ""quantity"": """"}, {""name"": ""ice"", ""quantity"": """"}]",true
Apple-Cinnamon Yogurt Smoothie,270,23,,,1,drink,https://bipjodhqsldkyjoecrix.supabase.co/storage/v1/object/public/recipe-photos/apple_cinnamon_yogurt_smoothie.jpg,Blend everything until smooth.,"[{""name"": ""greek yogurt"", ""quantity"": ""170 g""}, {""name"": ""milk"", ""quantity"": ""200 ml""}, {""name"": ""small apple"", ""quantity"": ""1 piece""}, {""name"": ""cinnamon"", ""quantity"": """"}, {""name"": ""ice"", ""quantity"": """"}]",true
Coffee-Banana Skyr Smoothie,280,24,,,1,drink,https://bipjodhqsldkyjoecrix.supabase.co/storage/v1/object/public/recipe-photos/coffee_banana_skyr_smoothie.jpg,Blend all ingredients until smooth and cold.,"[{""name"": ""skyr"", ""quantity"": ""150 g""}, {""name"": ""milk"", ""quantity"": ""150 ml""}, {""name"": ""cold espresso"", ""quantity"": ""100 ml""}, {""name"": ""small banana"", ""quantity"": ""1 piece""}, {""name"": ""ice"", ""quantity"": """"}, {""name"": ""cinnamon"", ""quantity"": """"}]",true
Blueberry Almond Yogurt Drink,330,24,,,1,drink,https://bipjodhqsldkyjoecrix.supabase.co/storage/v1/object/public/recipe-photos/blueberry_almond_yogurt_drink.jpg,Blend until creamy.,"[{""name"": ""greek yogurt"", ""quantity"": ""200 g""}, {""name"": ""blueberries"", ""quantity"": ""150 g""}, {""name"": ""milk"", ""quantity"": ""100 ml""}, {""name"": ""almond butter"", ""quantity"": ""10 g""}, {""name"": ""ice"", ""quantity"": """"}]",true
Peach Skyr Smoothie,250,24,,,1,drink,https://bipjodhqsldkyjoecrix.supabase.co/storage/v1/object/public/recipe-photos/peach_skyr_smoothie.jpg,Blend until silky smooth.,"[{""name"": ""skyr"", ""quantity"": ""180 g""}, {""name"": ""peach"", ""quantity"": ""150 g""}, {""name"": ""milk"", ""quantity"": ""150 ml""}, {""name"": ""vanilla"", ""quantity"": """"}, {""name"": ""ice"", ""quantity"": """"}]",true
Hot Vanilla Milk & Skyr Drink,210,18,,,1,drink,https://bipjodhqsldkyjoecrix.supabase.co/storage/v1/object/public/recipe-photos/hot_vanilla_milk_skyr_drink.jpg,"Warm milk without boiling. Whisk skyr separately. Let milk cool slightly. Whisk in skyr, vanilla, cinnamon and honey. Serve warm.","[{""name"": ""semi-skimmed milk"", ""quantity"": ""200 ml""}, {""name"": ""skyr"", ""quantity"": ""100 g""}, {""name"": ""vanilla"", ""quantity"": """"}, {""name"": ""cinnamon"", ""quantity"": """"}, {""name"": ""honey"", ""quantity"": ""1 tsp""}]",true
